,songs_id,song_name,counts,album_id,album_name,format,country,year,genre,style
0,4b866567-c6c4-491f-88b1-b0216e8e90e3,Najbolji Prijatelji,2,https://www.discogs.com/Various-Grand-Super-Hitovi-N-20/master/1547431,Grand Super Hitovi N° 20,--,--,2006,"Rock;Pop;Folk, World, & Country",Pop Rock;Europop;Folk
1,4b866567-c6c4-491f-88b1-b0216e8e90e3,Najbolji Prijatelji,2,https://www.discogs.com/Various-Grand-Super-Hitovi-N-20/release/10488078,Grand Super Hitovi N° 20,CD;Compilation,Serbia,2006,"Rock;Pop;Folk, World, & Country",Pop Rock;Europop;Folk
2,e7c4225f-d05a-48bb-9696-ac1d6e1b98f1,Brojiš Mi Brojiš,2,https://www.discogs.com/Marta-Savi%C4%87-Erotica/master/1336693,Erotica,--,--,2006,"Electronic;Pop;Folk, World, & Country",Euro House;Europop;Folk
3,e7c4225f-d05a-48bb-9696-ac1d6e1b98f1,Brojiš Mi Brojiš,2,https://www.discogs.com/Marta-Savi%C4%87-Erotica/release/4910333,Erotica,CD;Album,Serbia,2006,"Electronic;Pop;Folk, World, & Country",Euro House;Europop;Folk
4,72134740-bb08-4549-bc0e-732e452107c0,Naručujem Pesme,2,https://www.discogs.com/Ivan-Kukolj-Kuki-I-Ju%C5%BEni-Vetar-Naru%C4%8Dujem-Pesme/master/1399685,Naručujem Pesme,--,--,2006,"Folk, World, & Country",Folk
5,72134740-bb08-4549-bc0e-732e452107c0,Naručujem Pesme,2,https://www.discogs.com/Ivan-Kukolj-Kuki-I-Ju%C5%BEni-Vetar-Naru%C4%8Dujem-Pesme/release/6308959,Naručujem Pesme,CDr;Album,Serbia,2006,"Folk, World, & Country",Folk
6,9a1e4be9-ae68-48e3-9437-0eaab04db529,Moj Jenki Going Hom (Prokleta Je Amerika),2,https://www.discogs.com/Riblja-%C4%8Corba-Minut-Sa-Njom/master/1278992,Minut Sa Njom,--,--,2009,Rock;Pop,Pop Rock;Ballad
7,9a1e4be9-ae68-48e3-9437-0eaab04db529,Moj Jenki Going Hom (Prokleta Je Amerika),2,https://www.discogs.com/Riblja-%C4%8Corba-Minut-Sa-Njom/release/1650687,Minut Sa Njom,CD;Album,Serbia,2009,Rock;Pop,Pop Rock;Ballad
8,9a199ff6-a839-4c17-b24f-80bff93c465f,Телефон,2,https://www.discogs.com/%D0%91%D1%80%D0%B0%D0%BD%D0%BA%D0%BE-%D0%9A%D0%BE%D1%86%D0%BA%D0%B8%D1%86%D0%B0-%D0%92%D0%BE%D0%B7%D0%BE%D0%B2%D0%B8-%D0%BE%D0%B4-%D1%87%D0%BE%D0%BA%D0%BE%D0%BB%D0%B0%D0%B4%D0%B5/master/1495321,Возови од чоколаде,--,--,2008,Pop;Children's,Educational;Vocal
9,9a199ff6-a839-4c17-b24f-80bff93c465f,Телефон,2,https://www.discogs.com/%D0%91%D1%80%D0%B0%D0%BD%D0%BA%D0%BE-%D0%9A%D0%BE%D1%86%D0%BA%D0%B8%D1%86%D0%B0-%D0%92%D0%BE%D0%B7%D0%BE%D0%B2%D0%B8-%D0%BE%D0%B4-%D1%87%D0%BE%D0%BA%D0%BE%D0%BB%D0%B0%D0%B4%D0%B5/release/13160957,Возови од чоколаде,CD;Compilation,Serbia,2008,Pop;Children's,Educational;Vocal
10,cb52a11e-96ca-4b3f-8302-4e1cfeaa01e8,"Digni Me, Pao Sam",2,https://www.discogs.com/Various-Nove-Zvezde-Granda/master/1486249,Nove Zvezde Granda,--,--,2007,"Latin;Pop;Folk, World, & Country",Vocal;Folk
11,cb52a11e-96ca-4b3f-8302-4e1cfeaa01e8,"Digni Me, Pao Sam",2,https://www.discogs.com/Various-Nove-Zvezde-Granda/release/1179852,Nove Zvezde Granda,CD;Compilation,Serbia,2007,"Latin;Pop;Folk, World, & Country",Vocal;Folk
12,3a9b2030-8fae-480f-aed4-505806ab1517,Devojka,2,https://www.discogs.com/%C5%BDeljko-Joksimovi%C4%87-The-Platinum-Collection/release/5342939,The Platinum Collection,CD;Compilation;,Serbia,2007,Pop,Vocal;Ballad
13,3a9b2030-8fae-480f-aed4-505806ab1517,Devojka,2,https://www.discogs.com/%C5%BDeljko-Joksimovi%C4%87-The-Platinum-Collection/master/647852,The Platinum Collection,--,--,2007,Pop,Vocal;Ballad
14,e7bd9354-c754-45c6-a2e4-b4b2abe87c4b,Sa E Roma Penen,2,https://www.discogs.com/Nena-%C4%90urovi%C4%87-Tra%C5%BEim-Te/master/1309946,Tražim Te,--,--,2006,"Folk, World, & Country",Folk
15,e7bd9354-c754-45c6-a2e4-b4b2abe87c4b,Sa E Roma Penen,2,https://www.discogs.com/Nena-%C4%90urovi%C4%87-Tra%C5%BEim-Te/release/5318674,Tražim Te,CD;Album,Serbia,2006,"Folk, World, & Country",Folk
16,cb480fb3-caec-4abc-9806-b9c73da9093a,Mente Deteriorada,2,https://www.discogs.com/Various-Buffoon/master/111191,Buffoon,--,--,2008,Electronic,Psy-Trance
17,cb480fb3-caec-4abc-9806-b9c73da9093a,Mente Deteriorada,2,https://www.discogs.com/Various-Buffoon/release/1454202,Buffoon,File16×;WAV;Compilation,Serbia,2008,Electronic,Psy-Trance
18,1b3dff0b-64e9-498e-8686-99458830806d,Ovih Dana,2,https://www.discogs.com/Various-100-Balade-Vol-2/master/1540351,100% Balade Vol. 2,--,--,2004,Pop,Ballad
19,1b3dff0b-64e9-498e-8686-99458830806d,Ovih Dana,2,https://www.discogs.com/Various-100-Balade-Vol-2/release/8419741,100% Balade Vol. 2,CD;Compilation,Serbia,2004,Pop,Ballad
20,e7cbe48f-1309-4ab0-aaaa-6d0fcc0d2228,Гладуши,2,https://www.discogs.com/%D0%94%D0%B8%D1%80%D0%B5%D0%BA%D1%82%D0%BE%D1%80%D0%B8-%D0%95%D0%B2%D0%BE-%D0%92%D0%B0%D0%BC-%D0%93%D0%B0/master/599011,Ево Вам Га,--,--,2000,Rock,Punk;Oi
21,e7cbe48f-1309-4ab0-aaaa-6d0fcc0d2228,Гладуши,2,https://www.discogs.com/%D0%94%D0%B8%D1%80%D0%B5%D0%BA%D1%82%D0%BE%D1%80%D0%B8-%D0%95%D0%B2%D0%BE-%D0%92%D0%B0%D0%BC-%D0%93%D0%B0/release/4924084,Ево Вам Га,CD;Album,Serbia,2000,Rock,Punk;Oi
22,9a089737-9ae9-4b06-ab90-04bc7b7bb7a0,Lick It Up,2,https://www.discogs.com/Kiss-Firehouse-Rock-The-Nation/release/3140220,Firehouse - Rock The Nation,DVD;DVD-Video;PAL,Serbia,2007,Rock,Classic Rock;Hard Rock
23,9a089737-9ae9-4b06-ab90-04bc7b7bb7a0,Lick It Up,2,https://www.discogs.com/Kiss-Firehouse-Rock-The-Nation/master/684092,Firehouse - Rock The Nation,--,--,2007,Rock,Classic Rock;Hard Rock
24,cb3bbcde-190f-4826-95c1-4dedbc378c53,Za Dobre I Loše Dane,2,https://www.discogs.com/Nina-The-Best-Of-Nina/release/7637464,The Best Of Nina,CD;Compilation,Serbia,2004,Electronic;Funk / Soul;Pop,Europop;Euro House;Rhythm & Blues
25,cb3bbcde-190f-4826-95c1-4dedbc378c53,Za Dobre I Loše Dane,2,https://www.discogs.com/Nina-The-Best-Of-Nina/master/903760,The Best Of Nina,--,--,2004,Electronic;Funk / Soul;Pop,Europop;Euro House;Rhythm & Blues
26,9a0291df-6245-439d-a55f-64deb21330a8,Crveno Svetlo,2,https://www.discogs.com/Indexi-Na%C5%A1e-Doba/release/5129197,Naše Doba,CD;Compilation,Serbia,2007,Rock;Pop,Prog Rock;Pop Rock
27,9a0291df-6245-439d-a55f-64deb21330a8,Crveno Svetlo,2,https://www.discogs.com/Indexi-Na%C5%A1e-Doba/master/726353,Naše Doba,--,--,2007,Rock;Pop,Prog Rock;Pop Rock
28,723379e2-918e-49ed-ad84-d86686c20f87,Od Kad S Tobom Ne Spavam,2,https://www.discogs.com/Neda-Ukraden-Da-Se-Na%C4%91emo-Na-Pola-Puta/release/4166149,Da Se Nađemo Na Pola Puta,CD;Album,Serbia,2009,"Pop;Folk, World, & Country",Folk
29,723379e2-918e-49ed-ad84-d86686c20f87,Od Kad S Tobom Ne Spavam,2,https://www.discogs.com/Neda-Ukraden-Da-Se-Na%C4%91emo-Na-Pola-Puta/master/523544,Da Se Nađemo Na Pola Puta,--,--,2009,"Pop;Folk, World, & Country",Folk
30,590bee3c-f616-4aa2-b773-1dce4b8981e5,She's Leaving Home,2,https://www.discogs.com/Various-Muzika-Za-Putovanja/release/5733169,Muzika Za Putovanja,CD5×;Compilation,Serbia,2008,Jazz;Latin;Funk / Soul;Pop;Classical;Stage & Screen,Instrumental;Score;Smooth Jazz;Vocal;Soundtrack;Modern;Soul;Latin Jazz;Ballad;Chanson;Schlager;Neo-Classical;Funk;Cool Jazz;Easy Listening
31,590bee3c-f616-4aa2-b773-1dce4b8981e5,She's Leaving Home,2,https://www.discogs.com/Various-Muzika-Za-Putovanja/master/1222786,Muzika Za Putovanja,--,--,2008,Jazz;Latin;Funk / Soul;Pop;Classical;Stage & Screen,Instrumental;Score;Smooth Jazz;Vocal;Soundtrack;Modern;Soul;Latin Jazz;Ballad;Chanson;Schlager;Neo-Classical;Funk;Cool Jazz;Easy Listening
32,1b377a60-75f3-4f0e-b26d-56751312544b,Messiah Of Blood,2,https://www.discogs.com/Infest-Onward-To-Destroy/release/3151498,Onward To Destroy,CD;Album,Serbia,2009,Rock,Death Metal;Thrash
33,1b377a60-75f3-4f0e-b26d-56751312544b,Messiah Of Blood,2,https://www.discogs.com/Infest-Onward-To-Destroy/master/494788,Onward To Destroy,--,--,2009,Rock,Death Metal;Thrash
34,cb5b450b-8eb4-43e8-bad7-66ded33e1085,Električni Orgazam,2,https://www.discogs.com/Elektri%C4%8Dni-Orgazam-Breskve-U-Te%C5%A1kom-Sirupu-Vol-1/release/1433159,Breskve U Teškom Sirupu Vol. 1,CD;Compilation,Serbia,2006,Rock,New Wave;Punk
35,cb5b450b-8eb4-43e8-bad7-66ded33e1085,Električni Orgazam,2,https://www.discogs.com/Elektri%C4%8Dni-Orgazam-Breskve-U-Te%C5%A1kom-Sirupu-Vol-1/master/802804,Breskve U Teškom Sirupu Vol. 1,--,--,2006,Rock,New Wave;Punk
36,1b003454-4889-4578-9843-409f7e77056a,Ostali Smo Sami,2,https://www.discogs.com/Bisera-Prozor/master/627544,Prozor,--,--,2007,Pop,Chanson;Ballad;Schlager
37,1b003454-4889-4578-9843-409f7e77056a,Ostali Smo Sami,2,https://www.discogs.com/Bisera-Prozor/release/2704099,Prozor,CD3×;Album;Compilation,Serbia,2007,Pop,Chanson;Ballad;Schlager
38,1b5960a2-aa89-402a-bdb5-a079c65ffd56,Sudbina,2,https://www.discogs.com/Dragana-Mirkovi%C4%87-Eksplozija/release/2758923,Eksplozija,CD;DVD;Album;DVD-Video,Serbia,2008,"Folk, World, & Country",Folk
39,1b5960a2-aa89-402a-bdb5-a079c65ffd56,Sudbina,2,https://www.discogs.com/Dragana-Mirkovi%C4%87-Eksplozija/master/604167,Eksplozija,--,--,2008,"Folk, World, & Country",Folk
40,3a75362a-7ee3-47f1-b011-8637f77489c4,Zemljo Moja,2,https://www.discogs.com/%C5%A0aban-%C5%A0auli%C4%87-The-Best-Of/master/972898,The Best Of,--,--,2008,"Electronic;Latin;Pop;Folk, World, & Country",Euro House;Downtempo;Salsa;Vocal;Ballad;Folk
41,3a75362a-7ee3-47f1-b011-8637f77489c4,Zemljo Moja,2,https://www.discogs.com/%C5%A0aban-%C5%A0auli%C4%87-The-Best-Of/release/1914931,The Best Of,CD2×;Compilation;,Serbia,2008,"Electronic;Latin;Pop;Folk, World, & Country",Euro House;Downtempo;Salsa;Vocal;Ballad;Folk
42,59470803-3e7b-4dba-8df1-de21407dabc9,Nevreme,2,https://www.discogs.com/Naser-Naser/release/7162416,Naser,CD;Album;Stereo,Serbia,2008,"Folk, World, & Country",Folk
43,59470803-3e7b-4dba-8df1-de21407dabc9,Nevreme,2,https://www.discogs.com/Naser-Naser/master/903338,Naser,--,--,2008,"Folk, World, & Country",Folk
44,71ea969f-42a9-424b-9692-39a9ed4e0a53,Još Te Koštam,2,https://www.discogs.com/Romana-Best-Of-Romana-Old-New/master/1540041,Best Of Romana - Old & New,--,--,2006,Pop,Europop
45,71ea969f-42a9-424b-9692-39a9ed4e0a53,Još Te Koštam,2,https://www.discogs.com/Romana-Best-Of-Romana-Old-New/release/2240921,Best Of Romana - Old & New,CD;Album;Compilation,Serbia,2006,Pop,Europop
46,71f0efb0-9689-40b6-a5e7-e6077f12da28,Sa Mnom Spavaš Njega Sanjaš,2,https://www.discogs.com/%C5%A0aban-%C5%A0auli%C4%87-The-Best-Of/master/972898,The Best Of,--,--,2008,"Electronic;Latin;Pop;Folk, World, & Country",Euro House;Downtempo;Salsa;Vocal;Ballad;Folk
47,71f0efb0-9689-40b6-a5e7-e6077f12da28,Sa Mnom Spavaš Njega Sanjaš,2,https://www.discogs.com/%C5%A0aban-%C5%A0auli%C4%87-The-Best-Of/release/1914931,The Best Of,CD2×;Compilation;,Serbia,2008,"Electronic;Latin;Pop;Folk, World, & Country",Euro House;Downtempo;Salsa;Vocal;Ballad;Folk
48,593ef24e-2aad-415a-bda4-3a082251c9b4,Haos U Mojoj Glavi Pt.2,2,https://www.discogs.com/Vox-Populi-Ne-Mo%C5%BEe%C5%A1-Svima-Udovoljiti/release/12700331,Ne Možeš Svima Udovoljiti,CD;Album;,Serbia,2002,Rock,Punk;Hardcore
49,593ef24e-2aad-415a-bda4-3a082251c9b4,Haos U Mojoj Glavi Pt.2,2,https://www.discogs.com/Vox-Populi-Ne-Mo%C5%BEe%C5%A1-Svima-Udovoljiti/master/1442581,Ne Možeš Svima Udovoljiti,--,--,2002,Rock,Punk;Hardcore
50,3a7db967-f084-4684-97fe-2d415a3bc72d,Nije On Ono Što Ti Treba,2,https://www.discogs.com/%C5%BDeljko-Samard%C5%BEi%C4%87-Kojim-Dobrom-Mila-Moja/master/829227,Kojim Dobrom Mila Moja...,--,--,2009,"Electronic;Rock;Pop;Folk, World, & Country",Euro House;Pop Rock;Vocal;Europop;Folk
51,3a7db967-f084-4684-97fe-2d415a3bc72d,Nije On Ono Što Ti Treba,2,https://www.discogs.com/%C5%BDeljko-Samard%C5%BEi%C4%87-Kojim-Dobrom-Mila-Moja/release/6947528,Kojim Dobrom Mila Moja...,CD;Album;,Serbia,2009,"Electronic;Rock;Pop;Folk, World, & Country",Euro House;Pop Rock;Vocal;Europop;Folk
52,b043307f-652d-41ac-80e9-548164ea57eb,Beast Of The Nihilism,2,https://www.discogs.com/Amon-Din-Where-The-Dreams-No-Longer-Exist/master/1196025,Where The Dreams No Longer Exist,--,--,2007,Rock,Death Metal
53,b043307f-652d-41ac-80e9-548164ea57eb,Beast Of The Nihilism,2,https://www.discogs.com/Amon-Din-Where-The-Dreams-No-Longer-Exist/release/4086518,Where The Dreams No Longer Exist,CD;Album,Serbia,2007,Rock,Death Metal
54,e7ad1391-214f-41db-91b4-309f6183076d,Darkdelic Namyah Shivaya,2,https://www.discogs.com/Various-Strange-Side-Of-The-Moon/master/112323,Strange Side Of  The Moon,--,--,2008,Electronic,Psy-Trance
55,e7ad1391-214f-41db-91b4-309f6183076d,Darkdelic Namyah Shivaya,2,https://www.discogs.com/Various-Strange-Side-Of-The-Moon/release/1347493,Strange Side Of  The Moon,File9×;WAV;Compilation,Serbia,2008,Electronic,Psy-Trance
56,1b54f87b-867a-4658-93e8-f27d250ee7a9,Odlazim Zauvek,2,https://www.discogs.com/%C4%90ogani-Ljubav-Moja/release/1344162,Ljubav Moja,CD;Album,Serbia,2007,"Electronic;Pop;Folk, World, & Country",Vocal
57,1b54f87b-867a-4658-93e8-f27d250ee7a9,Odlazim Zauvek,2,https://www.discogs.com/%C4%90ogani-Ljubav-Moja/master/895076,Ljubav Moja,--,--,2007,"Electronic;Pop;Folk, World, & Country",Vocal
58,5936c018-540e-4361-8ba0-399b9ab9d269,My Time Is Coming,2,https://www.discogs.com/Zona-B-Original/master/1289310,Original,--,--,2003,Blues,Electric Blues
59,5936c018-540e-4361-8ba0-399b9ab9d269,My Time Is Coming,2,https://www.discogs.com/Zona-B-Original/release/6232977,Original,CD;Album,Serbia,2003,Blues,Electric Blues
60,71fe16c5-59a7-47f5-a520-98cc9d2e16cf,Coban Tera Ovcice,2,https://www.discogs.com/Ritam-Srca-%C5%BDurka/master/1308286,Žurka,--,--,2000,"Folk, World, & Country",Folk
61,71fe16c5-59a7-47f5-a520-98cc9d2e16cf,Coban Tera Ovcice,2,https://www.discogs.com/Ritam-Srca-%C5%BDurka/release/6849339,Žurka,CD,Serbia,2000,"Folk, World, & Country",Folk
62,1b4c22ea-9a2d-478f-b97d-06259bacbd5e,Broken Bells,2,https://www.discogs.com/Various-Strange-Side-Of-The-Moon/master/112323,Strange Side Of  The Moon,--,--,2008,Electronic,Psy-Trance
63,1b4c22ea-9a2d-478f-b97d-06259bacbd5e,Broken Bells,2,https://www.discogs.com/Various-Strange-Side-Of-The-Moon/release/1347493,Strange Side Of  The Moon,File9×;WAV;Compilation,Serbia,2008,Electronic,Psy-Trance
64,3a8d040b-001b-4c0d-a939-dcf6cfc8c10b,Šoferska,2,https://www.discogs.com/Goran-Bregovi%C4%87-Alkohol-%C5%A0ljivovica-Champange/master/222536,Alkohol (Šljivovica & Champange),--,--,2008,"Jazz;Rock;Blues;Pop;Folk, World, & Country",Gypsy Jazz
65,3a8d040b-001b-4c0d-a939-dcf6cfc8c10b,Šoferska,2,https://www.discogs.com/Goran-Bregovi%C4%87-Alkohol-%C5%A0ljivovica-Champange/release/9869148,Alkohol (Šljivovica & Champange),CD;Album,Serbia,2008,"Jazz;Rock;Blues;Pop;Folk, World, & Country",Gypsy Jazz
66,72072c86-8850-4e2d-9797-ec3955a2d850,Морана,2,https://www.discogs.com/Stone-To-Flesh-Serbian-Woods/master/1194148,Serbian Woods,--,--,1997,Rock,
67,72072c86-8850-4e2d-9797-ec3955a2d850,Морана,2,https://www.discogs.com/Stone-To-Flesh-Serbian-Woods/release/10425176,Serbian Woods,Cassette,Serbia,1997,Rock,
68,99f8e819-3e4f-43dd-b9d4-137ea6d25b3b,Cruciform,2,https://www.discogs.com/Aleksandar-Randjelovi%C4%87-Genesis-Rising/release/2281844,Genesis Rising,CD;Album;Enhanced,Serbia,2007,Electronic;Rock;Stage & Screen,Ambient;Downtempo;Score;Symphonic Rock
69,99f8e819-3e4f-43dd-b9d4-137ea6d25b3b,Cruciform,2,https://www.discogs.com/Aleksandar-Randjelovi%C4%87-Genesis-Rising/master/421778,Genesis Rising,--,--,2007,Electronic;Rock;Stage & Screen,Ambient;Downtempo;Score;Symphonic Rock
70,99f564ea-573e-48a4-b911-3e1c7f55f003,Faith And Unity,2,https://www.discogs.com/Razor-88-Believe-In-Freedom/release/4916082,Believe In Freedom,CD;Album,Serbia,2006,Rock,Hard Rock;Rock & Roll;Oi
71,99f564ea-573e-48a4-b911-3e1c7f55f003,Faith And Unity,2,https://www.discogs.com/Razor-88-Believe-In-Freedom/master/685050,Believe In Freedom,--,--,2006,Rock,Hard Rock;Rock & Roll;Oi
72,71e1ebef-c715-4cad-ac58-bed3f56406ae,Ja Sam Tebe Ipak Volela,2,https://www.discogs.com/Ilda-%C5%A0auli%C4%87-Stani-Du%C5%A1o-Da-Te-Ispratim/release/3445288,Stani Dušo Da Te Ispratim,CD;Album,Serbia,2008,"Folk, World, & Country",Folk
73,71e1ebef-c715-4cad-ac58-bed3f56406ae,Ja Sam Tebe Ipak Volela,2,https://www.discogs.com/Ilda-%C5%A0auli%C4%87-Stani-Du%C5%A1o-Da-Te-Ispratim/master/686741,Stani Dušo Da Te Ispratim,--,--,2008,"Folk, World, & Country",Folk
74,3ae477a1-703b-4369-8452-2c2c74a374db,100.000 Years,2,https://www.discogs.com/Kiss-Firehouse-Rock-The-Nation/release/3140220,Firehouse - Rock The Nation,DVD;DVD-Video;PAL,Serbia,2007,Rock,Classic Rock;Hard Rock
75,3ae477a1-703b-4369-8452-2c2c74a374db,100.000 Years,2,https://www.discogs.com/Kiss-Firehouse-Rock-The-Nation/master/684092,Firehouse - Rock The Nation,--,--,2007,Rock,Classic Rock;Hard Rock
76,cb1ad3f9-68d3-40c4-a8d2-04bc92a0c4ef,Ovo Je Priča O Nama,2,https://www.discogs.com/Milan-Stankovi%C4%87-Solo/release/3996122,Solo,CD;Album,Serbia,2009,"Electronic;Pop;Folk, World, & Country",Electro;Europop
77,cb1ad3f9-68d3-40c4-a8d2-04bc92a0c4ef,Ovo Je Priča O Nama,2,https://www.discogs.com/Milan-Stankovi%C4%87-Solo/master/747261,Solo,--,--,2009,"Electronic;Pop;Folk, World, & Country",Electro;Europop
78,b087aed8-fb66-47ef-83b2-b38cb162ca55,Uvele Su Ruže,2,https://www.discogs.com/Nihad-Alibegovi%C4%87-Nihad-Alibegovi%C4%87/master/1276450,Nihad Alibegović,--,--,2006,"Folk, World, & Country",Folk
79,b087aed8-fb66-47ef-83b2-b38cb162ca55,Uvele Su Ruže,2,https://www.discogs.com/Nihad-Alibegovi%C4%87-Nihad-Alibegovi%C4%87/release/6593740,Nihad Alibegović,CD;Album,Serbia,2006,"Folk, World, & Country",Folk
80,3adf0619-6fa8-485b-a70c-cbcbbf0d0073,Modern Love Waltz,2,https://www.discogs.com/Branka-Parli%C4%87-Philip-Glass-Metamorphosis/master/841306,Metamorphosis,--,--,2006,Classical,Contemporary
81,3adf0619-6fa8-485b-a70c-cbcbbf0d0073,Modern Love Waltz,2,https://www.discogs.com/Branka-Parli%C4%87-Philip-Glass-Metamorphosis/release/1676814,Metamorphosis,CD;Album,Serbia,2006,Classical,Contemporary
82,e8286e6d-ba8c-48cd-8328-cc08cb760858,No Hate Allowed (Original),2,https://www.discogs.com/Kruko-No-Hate-Allowed/release/1076717,No Hate Allowed,"Vinyl;12""",Serbia,2007,Electronic,Techno;Minimal
83,e8286e6d-ba8c-48cd-8328-cc08cb760858,No Hate Allowed (Original),2,https://www.discogs.com/Kruko-No-Hate-Allowed/master/1253494,No Hate Allowed,--,--,2007,Electronic,Techno;Minimal
84,e82c2650-32c0-4f3c-abc8-24d6b11eb3fd,Sanjaš,2,https://www.discogs.com/Igra-Staklenih-Perli-Igra-Svetlosti/master/327428,Igra Svetlosti,--,--,2007,Rock,Psychedelic Rock;Prog Rock
85,e82c2650-32c0-4f3c-abc8-24d6b11eb3fd,Sanjaš,2,https://www.discogs.com/Igra-Staklenih-Perli-Igra-Svetlosti/release/1603815,Igra Svetlosti,CD;Album;Compilation;Reissue;Remastered;,Serbia,2007,Rock,Psychedelic Rock;Prog Rock
86,e82ea46c-c9b9-4743-9f69-52fd05a1e2ea,Ja Ću Uvek Da Ti Čuvam Leđa,2,https://www.discogs.com/Milan-Stankovi%C4%87-Solo/release/3996122,Solo,CD;Album,Serbia,2009,"Electronic;Pop;Folk, World, & Country",Electro;Europop
87,e82ea46c-c9b9-4743-9f69-52fd05a1e2ea,Ja Ću Uvek Da Ti Čuvam Leđa,2,https://www.discogs.com/Milan-Stankovi%C4%87-Solo/master/747261,Solo,--,--,2009,"Electronic;Pop;Folk, World, & Country",Electro;Europop
88,58df7a92-7028-4b0e-be2b-e75ac418f49e,Sea Pipe,2,https://www.discogs.com/Various-Belgrade-Coffee-Shop-2/master/1185863,Belgrade Coffee Shop 2,--,--,2001,Electronic,Future Jazz;Downtempo;Ambient;Breakbeat;Acid Jazz
89,58df7a92-7028-4b0e-be2b-e75ac418f49e,Sea Pipe,2,https://www.discogs.com/Various-Belgrade-Coffee-Shop-2/release/499571,Belgrade Coffee Shop 2,CD;Compilation,Serbia,2001,Electronic,Future Jazz;Downtempo;Ambient;Breakbeat;Acid Jazz
90,cb1bac19-dc75-453d-873a-81ccb3940ec6,Juriš Na Momke,2,https://www.discogs.com/Zorica-Ven-Zorica-Ven/master/1448618,Zorica Ven,--,--,2005,"Folk, World, & Country",Folk
91,cb1bac19-dc75-453d-873a-81ccb3940ec6,Juriš Na Momke,2,https://www.discogs.com/Zorica-Ven-Zorica-Ven/release/8825803,Zorica Ven,CD;Album;Stereo,Serbia,2005,"Folk, World, & Country",Folk
92,58de1d57-587e-4e91-a4ba-c2dc73e7d9f3,Neću,2,https://www.discogs.com/Tijana-%C5%BDuta-Minuta/master/1024798,Žuta Minuta,--,--,2007,Pop,Europop
93,58de1d57-587e-4e91-a4ba-c2dc73e7d9f3,Neću,2,https://www.discogs.com/Tijana-%C5%BDuta-Minuta/release/2646316,Žuta Minuta,CD;Album,Serbia,2007,Pop,Europop
94,99b62a1b-286f-4c75-88e4-668fe526ff5c,Ima Neka Tajna Veza,2,https://www.discogs.com/Zdravko-%C4%8Coli%C4%87-Bijelo-Dugme-%C4%90or%C4%91e-Bala%C5%A1evi%C4%87-Najlep%C5%A1e-Balade-17-Nezaboravnih-Balada/release/1168803,Najlepše Balade - 17 Nezaboravnih Balada,CD;Compilation;,Serbia,2005,Rock;Pop,Soft Rock;Ballad
95,99b62a1b-286f-4c75-88e4-668fe526ff5c,Ima Neka Tajna Veza,2,https://www.discogs.com/Zdravko-%C4%8Coli%C4%87-Bijelo-Dugme-%C4%90or%C4%91e-Bala%C5%A1evi%C4%87-Najlep%C5%A1e-Balade-17-Nezaboravnih-Balada/master/1219501,Najlepše Balade - 17 Nezaboravnih Balada,--,--,2005,Rock;Pop,Soft Rock;Ballad
96,3ae83fa0-89f4-4df8-9c47-33bf3e24397f,Ne Mogu Ti Ništa Osim Srca Dati,2,https://www.discogs.com/Plavi-Orkestar-The-Platinum-Collection/master/945143,The Platinum Collection,--,--,2007,Rock;Pop,Pop Rock
97,3ae83fa0-89f4-4df8-9c47-33bf3e24397f,Ne Mogu Ti Ništa Osim Srca Dati,2,https://www.discogs.com/Plavi-Orkestar-The-Platinum-Collection/release/7993068,The Platinum Collection,CD;Compilation,Serbia,2007,Rock;Pop,Pop Rock
98,3ae8d1e0-39d6-4685-9f68-c2646e633b38,Prvi Ruž,2,https://www.discogs.com/Bane-Moji%C4%87evi%C4%87-Zlato-Moje/master/179085,Zlato Moje,--,--,2008,"Folk, World, & Country",Folk
99,3ae8d1e0-39d6-4685-9f68-c2646e633b38,Prvi Ruž,2,https://www.discogs.com/Bane-Moji%C4%87evi%C4%87-Zlato-Moje/release/1915818,Zlato Moje,CD;Album,Serbia,2008,"Folk, World, & Country",Folk
100,58d6cc3e-4466-4fcf-9350-669121e2f23c,Alaj Mi Je Večeras Po Volji,2,https://www.discogs.com/Various-Gu%C4%8Da-Muzi%C4%8Dka-Razglednica/master/661476,Guča - Muzička Razglednica,--,--,2007,Brass & Military,Folk
101,58d6cc3e-4466-4fcf-9350-669121e2f23c,Alaj Mi Je Večeras Po Volji,2,https://www.discogs.com/Various-Gu%C4%8Da-Muzi%C4%8Dka-Razglednica/release/4767449,Guča - Muzička Razglednica,CD;Compilation,Serbia,2007,Brass & Military,Folk
102,99ac289e-c79b-4f12-b458-bed5c508123b,Ničija,2,https://www.discogs.com/Ana-Bekuta-The-Best-Of-Ana-Bekuta/release/4914189,The Best Of Ana Bekuta,CD2×;Compilation;,Serbia,2008,"Pop;Folk, World, & Country",Folk
103,99ac289e-c79b-4f12-b458-bed5c508123b,Ničija,2,https://www.discogs.com/Ana-Bekuta-The-Best-Of-Ana-Bekuta/master/899237,The Best Of Ana Bekuta,--,--,2008,"Pop;Folk, World, & Country",Folk
104,e8225070-ee0e-495b-af18-f2c2a3f8f264,I I I I I'm,2,https://www.discogs.com/Xiqhhyiecryn-Memory-Lover/master/797531,Memory Lover,--,--,2009,Electronic,Abstract;IDM
105,e8225070-ee0e-495b-af18-f2c2a3f8f264,I I I I I'm,2,https://www.discogs.com/Xiqhhyiecryn-Memory-Lover/release/2065418,Memory Lover,File;MP3,Serbia,2009,Electronic,Abstract;IDM
106,cb1c5849-fe4a-45cb-8713-c7970e7bbb9f,Krvava Meri,2,https://www.discogs.com/Azra-The-Ultimate-Collection/master/1334944,The Ultimate Collection,--,--,2009,Rock,New Wave
107,cb1c5849-fe4a-45cb-8713-c7970e7bbb9f,Krvava Meri,2,https://www.discogs.com/Azra-The-Ultimate-Collection/release/1998610,The Ultimate Collection,CD2×;Album;Compilation,Serbia,2009,Rock,New Wave
108,99f16d22-7d4f-4f13-a864-26910cf89024,Potraži Me,2,https://www.discogs.com/%C5%A0erif-Konjevi%C4%87-Znakovi/release/5303247,Znakovi,CD;Album,Serbia,2006,"Folk, World, & Country",Folk
109,99f16d22-7d4f-4f13-a864-26910cf89024,Potraži Me,2,https://www.discogs.com/%C5%A0erif-Konjevi%C4%87-Znakovi/master/1115998,Znakovi,--,--,2006,"Folk, World, & Country",Folk
110,1adaa91a-9cbe-49eb-ba09-95fef804218f,Mathematics On Ketamine,2,https://www.discogs.com/Various-Fusion-Mutation/master/1408448,Fusion Mutation,--,--,2008,Electronic,Leftfield;Electro;Abstract;Glitch;IDM;Ambient;Acid;Experimental
111,1adaa91a-9cbe-49eb-ba09-95fef804218f,Mathematics On Ketamine,2,https://www.discogs.com/Various-Fusion-Mutation/release/1566888,Fusion Mutation,CDr;Promo;LimitedEdition;Compilation,Serbia,2008,Electronic,Leftfield;Electro;Abstract;Glitch;IDM;Ambient;Acid;Experimental
112,59047114-09eb-4ac0-80a5-490c7e20a5fa,Ni Kiva Ni Duzna,2,https://www.discogs.com/Stoja-The-Best-Of-Stoja/release/7816594,The Best Of Stoja,CD;Compilation,Serbia,2007,"Folk, World, & Country",Folk
113,59047114-09eb-4ac0-80a5-490c7e20a5fa,Ni Kiva Ni Duzna,2,https://www.discogs.com/Stoja-The-Best-Of-Stoja/master/1031769,The Best Of Stoja,--,--,2007,"Folk, World, & Country",Folk
114,59042435-b583-4454-a879-1ade56c9d787,Od Sebe Ne Odustajem,2,https://www.discogs.com/Kaliopi-%C5%BDelim-Ti-Re%C4%87i/master/1183675,Želim Ti Reći,--,--,2008,Pop,Europop
115,59042435-b583-4454-a879-1ade56c9d787,Od Sebe Ne Odustajem,2,https://www.discogs.com/Kaliopi-%C5%BDelim-Ti-Re%C4%87i/release/10326322,Želim Ti Reći,CD;Album,Serbia,2008,Pop,Europop
116,99ec5560-7fb0-4e4d-8d0e-82b777261b56,Main Menu,2,https://www.discogs.com/Aleksandar-Randjelovi%C4%87-Genesis-Rising/release/2281844,Genesis Rising,CD;Album;Enhanced,Serbia,2007,Electronic;Rock;Stage & Screen,Ambient;Downtempo;Score;Symphonic Rock
117,99ec5560-7fb0-4e4d-8d0e-82b777261b56,Main Menu,2,https://www.discogs.com/Aleksandar-Randjelovi%C4%87-Genesis-Rising/master/421778,Genesis Rising,--,--,2007,Electronic;Rock;Stage & Screen,Ambient;Downtempo;Score;Symphonic Rock
118,7244fac4-2c7f-49af-85f7-fe243ef1b6b2,No Friend,2,https://www.discogs.com/Mrt-Friends/release/2162434,Friends,File13×;MP3;Album,Serbia,2009,Electronic,Abstract;Industrial;Experimental;Ambient
119,7244fac4-2c7f-49af-85f7-fe243ef1b6b2,No Friend,2,https://www.discogs.com/Mrt-Friends/master/236486,Friends,--,--,2009,Electronic,Abstract;Industrial;Experimental;Ambient
120,1aec21c4-d39e-4e31-8bf8-41f4da8d6700,Bankrot Mama,2,https://www.discogs.com/Azra-The-Ultimate-Collection/master/1334944,The Ultimate Collection,--,--,2009,Rock,New Wave
121,1aec21c4-d39e-4e31-8bf8-41f4da8d6700,Bankrot Mama,2,https://www.discogs.com/Azra-The-Ultimate-Collection/release/1998610,The Ultimate Collection,CD2×;Album;Compilation,Serbia,2009,Rock,New Wave
122,3ac24786-a8da-429b-86f2-f0dec3b60f9b,Pisaću Joj Pisma Duga,2,https://www.discogs.com/Zdravko-%C4%8Coli%C4%87-39-Hitova/release/4161614,39 Hitova,CD2×;Compilation,Serbia,2008,"Rock;Pop;Folk, World, & Country",
123,3ac24786-a8da-429b-86f2-f0dec3b60f9b,Pisaću Joj Pisma Duga,2,https://www.discogs.com/Zdravko-%C4%8Coli%C4%87-39-Hitova/master/1263658,39 Hitova,--,--,2008,"Rock;Pop;Folk, World, & Country",
124,3ace1d29-bb77-480f-a4f7-0003a953ad00,Dođi I Uzmi Me,2,https://www.discogs.com/Seka-Aleksi%C4%87-Do%C4%91i-I-Uzmi-Me/release/1126517,Dođi I Uzmi Me,CD;Album;Enhanced,Serbia,2005,"Electronic;Pop;Folk, World, & Country",Ballad;Europop;Euro House;Folk
125,3ace1d29-bb77-480f-a4f7-0003a953ad00,Dođi I Uzmi Me,2,https://www.discogs.com/Seka-Aleksi%C4%87-Do%C4%91i-I-Uzmi-Me/master/1164020,Dođi I Uzmi Me,--,--,2005,"Electronic;Pop;Folk, World, & Country",Ballad;Europop;Euro House;Folk
126,99dc6310-7673-4408-a25e-fb21e87a97a3,Иши Је Жив,2,https://www.discogs.com/%D0%95%D0%BC%D0%B0%D0%BD%D1%83%D0%B8%D0%BB-%D0%9F%D1%82%D0%B8%D1%86%D0%B0-%D0%9A%D0%BE%D1%98%D0%B0-%D0%A7%D0%B8%D0%BD%D0%B8-%D0%88%D0%B0%D1%82%D0%BE/release/11644049,Птица Која Чини Јато,CD;Album,Serbia,2006,Rock,Post-Punk;Goth Rock;Art Rock
127,99dc6310-7673-4408-a25e-fb21e87a97a3,Иши Је Жив,2,https://www.discogs.com/%D0%95%D0%BC%D0%B0%D0%BD%D1%83%D0%B8%D0%BB-%D0%9F%D1%82%D0%B8%D1%86%D0%B0-%D0%9A%D0%BE%D1%98%D0%B0-%D0%A7%D0%B8%D0%BD%D0%B8-%D0%88%D0%B0%D1%82%D0%BE/master/1336484,Птица Која Чини Јато,--,--,2006,Rock,Post-Punk;Goth Rock;Art Rock
128,7253ac4e-eef7-4c55-bf06-8a95e0bf1967,U Tvojim Očima,2,https://www.discogs.com/Various-Hitovi-Devedesetih-Dance-Mix-/master/1278987,Hitovi Devedesetih - Dance Mix,--,--,2008,Electronic;Pop,Euro House;Europop
129,7253ac4e-eef7-4c55-bf06-8a95e0bf1967,U Tvojim Očima,2,https://www.discogs.com/Various-Hitovi-Devedesetih-Dance-Mix-/release/10781744,Hitovi Devedesetih - Dance Mix,CD2×;Compilation;Mixed,Serbia,2008,Electronic;Pop,Euro House;Europop
130,e80cec21-132e-4368-a313-ca980ae736c9,Jednom Smo Se Svađali,2,https://www.discogs.com/Indexi-Na%C5%A1e-Doba/release/5129197,Naše Doba,CD;Compilation,Serbia,2007,Rock;Pop,Prog Rock;Pop Rock
131,e80cec21-132e-4368-a313-ca980ae736c9,Jednom Smo Se Svađali,2,https://www.discogs.com/Indexi-Na%C5%A1e-Doba/master/726353,Naše Doba,--,--,2007,Rock;Pop,Prog Rock;Pop Rock
132,99e2aa9c-f824-4075-b4cf-6a2a3022533c,Girl On A Bicycle,2,https://www.discogs.com/Various-Muzika-Za-Putovanja/release/5733169,Muzika Za Putovanja,CD5×;Compilation,Serbia,2008,Jazz;Latin;Funk / Soul;Pop;Classical;Stage & Screen,Instrumental;Score;Smooth Jazz;Vocal;Soundtrack;Modern;Soul;Latin Jazz;Ballad;Chanson;Schlager;Neo-Classical;Funk;Cool Jazz;Easy Listening
133,99e2aa9c-f824-4075-b4cf-6a2a3022533c,Girl On A Bicycle,2,https://www.discogs.com/Various-Muzika-Za-Putovanja/master/1222786,Muzika Za Putovanja,--,--,2008,Jazz;Latin;Funk / Soul;Pop;Classical;Stage & Screen,Instrumental;Score;Smooth Jazz;Vocal;Soundtrack;Modern;Soul;Latin Jazz;Ballad;Chanson;Schlager;Neo-Classical;Funk;Cool Jazz;Easy Listening
134,72561ec4-905c-46b6-b588-7f1fd0a182b2,Release Me,2,https://www.discogs.com/Various-Muzika-Za-Putovanja/release/5733169,Muzika Za Putovanja,CD5×;Compilation,Serbia,2008,Jazz;Latin;Funk / Soul;Pop;Classical;Stage & Screen,Instrumental;Score;Smooth Jazz;Vocal;Soundtrack;Modern;Soul;Latin Jazz;Ballad;Chanson;Schlager;Neo-Classical;Funk;Cool Jazz;Easy Listening
135,72561ec4-905c-46b6-b588-7f1fd0a182b2,Release Me,2,https://www.discogs.com/Various-Muzika-Za-Putovanja/master/1222786,Muzika Za Putovanja,--,--,2008,Jazz;Latin;Funk / Soul;Pop;Classical;Stage & Screen,Instrumental;Score;Smooth Jazz;Vocal;Soundtrack;Modern;Soul;Latin Jazz;Ballad;Chanson;Schlager;Neo-Classical;Funk;Cool Jazz;Easy Listening
136,1ac3ddf0-28a8-4b77-8afd-fbf0ce74071f,Нема Ништа Без Србије,2,https://www.discogs.com/%D0%9C%D0%B8%D0%BB%D0%BE%D0%BC%D0%B8%D1%80-%D0%9C%D0%B8%D1%99%D0%B0%D0%BD%D0%B8%D1%9B-%D0%9C%D0%B8%D1%99%D0%B0%D0%BD-%D0%94%D0%B0-%D0%A1%D0%B5-%D0%9D%D0%B5-%D0%97%D0%B0%D0%B1%D0%BE%D1%80%D0%B0%D0%B2%D0%B8/master/1300396,Да Се Не Заборави,--,--,2008,"Folk, World, & Country",Folk
137,1ac3ddf0-28a8-4b77-8afd-fbf0ce74071f,Нема Ништа Без Србије,2,https://www.discogs.com/%D0%9C%D0%B8%D0%BB%D0%BE%D0%BC%D0%B8%D1%80-%D0%9C%D0%B8%D1%99%D0%B0%D0%BD%D0%B8%D1%9B-%D0%9C%D0%B8%D1%99%D0%B0%D0%BD-%D0%94%D0%B0-%D0%A1%D0%B5-%D0%9D%D0%B5-%D0%97%D0%B0%D0%B1%D0%BE%D1%80%D0%B0%D0%B2%D0%B8/release/5868479,Да Се Не Заборави,CD;Album,Serbia,2008,"Folk, World, & Country",Folk
138,99dcedb6-2d1e-43dd-a1cc-6d9eeae36a78,Небо,2,https://www.discogs.com/%D0%90%D1%81%D0%B8%D0%BC-%D0%A1%D0%B0%D1%80%D0%B2%D0%B0%D0%BD-%D0%90%D1%98%D0%B4%D0%B5-%D0%88%D0%B0%D0%BD%D0%BE-%D0%9A%D1%83%D1%9B%D1%83-%D0%94%D0%B0-%D0%9D%D0%B5-%D0%94%D0%B0%D0%BC%D0%BE/release/1524500,Ајде Јано Кућу Да Не Дамо,CD;Album,Serbia,2007,"Rock;Folk, World, & Country",Acoustic;Folk;Ethereal
139,99dcedb6-2d1e-43dd-a1cc-6d9eeae36a78,Небо,2,https://www.discogs.com/%D0%90%D1%81%D0%B8%D0%BC-%D0%A1%D0%B0%D1%80%D0%B2%D0%B0%D0%BD-%D0%90%D1%98%D0%B4%D0%B5-%D0%88%D0%B0%D0%BD%D0%BE-%D0%9A%D1%83%D1%9B%D1%83-%D0%94%D0%B0-%D0%9D%D0%B5-%D0%94%D0%B0%D0%BC%D0%BE/master/223836,Ајде Јано Кућу Да Не Дамо,--,--,2007,"Rock;Folk, World, & Country",Acoustic;Folk;Ethereal
140,9a470316-a127-4022-8d04-2cd21d5f65c3,Ne Znam Ja Da Muški Poginem,2,https://www.discogs.com/Various-Grand-Super-Hitovi-N-22/master/871379,Grand Super Hitovi N° 22,--,--,2008,"Folk, World, & Country",Folk
141,9a470316-a127-4022-8d04-2cd21d5f65c3,Ne Znam Ja Da Muški Poginem,2,https://www.discogs.com/Various-Grand-Super-Hitovi-N-22/release/7346256,Grand Super Hitovi N° 22,CD;Compilation,Serbia,2008,"Folk, World, & Country",Folk
142,9a4a77b6-531e-4c0e-8cbb-1011a828d1c5,Adrenalin,2,https://www.discogs.com/Slavica-%C4%86uktera%C5%A1-%C4%86iribu-%C4%86iriba/release/1913854,"Ćiribu, Ćiriba",CD;Album,Serbia,2006,"Pop;Folk, World, & Country",Folk
143,9a4a77b6-531e-4c0e-8cbb-1011a828d1c5,Adrenalin,2,https://www.discogs.com/Slavica-%C4%86uktera%C5%A1-%C4%86iribu-%C4%86iriba/master/256920,"Ćiribu, Ćiriba",--,--,2006,"Pop;Folk, World, & Country",Folk
144,7285f173-dfb3-4f56-b200-cae298c0b786,Nostalgična Pesma,2,https://www.discogs.com/Vox-Populi-Ne-Mo%C5%BEe%C5%A1-Svima-Udovoljiti/release/12700331,Ne Možeš Svima Udovoljiti,CD;Album;,Serbia,2002,Rock,Punk;Hardcore
145,7285f173-dfb3-4f56-b200-cae298c0b786,Nostalgična Pesma,2,https://www.discogs.com/Vox-Populi-Ne-Mo%C5%BEe%C5%A1-Svima-Udovoljiti/master/1442581,Ne Možeš Svima Udovoljiti,--,--,2002,Rock,Punk;Hardcore
146,1c23cd43-35d2-4128-8107-3584b3addaad,?? ??? ????,2,https://www.discogs.com/Rare-Joy2/release/1208484,Joy2,CD;Album,Serbia,2006,Rock,Nu Metal
147,1c23cd43-35d2-4128-8107-3584b3addaad,?? ??? ????,2,https://www.discogs.com/Rare-Joy2/master/493603,Joy2,--,--,2006,Rock,Nu Metal
148,714eb166-22ae-4662-80bf-071e673ce875,Mađarica,2,https://www.discogs.com/Zdravko-%C4%8Coli%C4%87-39-Hitova/release/4161614,39 Hitova,CD2×;Compilation,Serbia,2008,"Rock;Pop;Folk, World, & Country",
149,714eb166-22ae-4662-80bf-071e673ce875,Mađarica,2,https://www.discogs.com/Zdravko-%C4%8Coli%C4%87-39-Hitova/master/1263658,39 Hitova,--,--,2008,"Rock;Pop;Folk, World, & Country",
150,afeac456-5000-47c7-8366-212e807a62da,Zagrli Me I Oprosti Mi,2,https://www.discogs.com/Rada-Manojlovi%C4%87-Deset-Ispod-Nule/release/2147976,Deset Ispod Nule,CD;Album,Serbia,2009,"Folk, World, & Country",Folk
151,afeac456-5000-47c7-8366-212e807a62da,Zagrli Me I Oprosti Mi,2,https://www.discogs.com/Rada-Manojlovi%C4%87-Deset-Ispod-Nule/master/1016707,Deset Ispod Nule,--,--,2009,"Folk, World, & Country",Folk
152,cbccf340-0079-4a93-bc0d-932e23919507,Nisam Je Probudio,2,https://www.discogs.com/Plavi-Orkestar-The-Platinum-Collection/master/945143,The Platinum Collection,--,--,2007,Rock;Pop,Pop Rock
153,cbccf340-0079-4a93-bc0d-932e23919507,Nisam Je Probudio,2,https://www.discogs.com/Plavi-Orkestar-The-Platinum-Collection/release/7993068,The Platinum Collection,CD;Compilation,Serbia,2007,Rock;Pop,Pop Rock
154,e713095e-104e-4adb-9142-49dc45f9dd05,Idem Kući A Već Zora,2,https://www.discogs.com/Silvana-Armenuli%C4%87-Platinum-Collection/release/7592291,Platinum Collection,CD;Compilation,Serbia,2009,"Folk, World, & Country",Folk
155,e713095e-104e-4adb-9142-49dc45f9dd05,Idem Kući A Već Zora,2,https://www.discogs.com/Silvana-Armenuli%C4%87-Platinum-Collection/master/1151525,Platinum Collection,--,--,2009,"Folk, World, & Country",Folk
156,7151c3ce-3995-47c1-9a1f-adb4dc6348ef,Bivši Dragi,2,https://www.discogs.com/Aleksandra-Radovi%C4%87-%C5%BDar-Ptica/master/846877,Žar Ptica,--,--,2009,Pop,Vocal;Ballad
157,7151c3ce-3995-47c1-9a1f-adb4dc6348ef,Bivši Dragi,2,https://www.discogs.com/Aleksandra-Radovi%C4%87-%C5%BDar-Ptica/release/2577686,Žar Ptica,CD;Album;,Serbia,2009,Pop,Vocal;Ballad
158,e721629f-49d1-4dcb-b92a-3c3ee4f45369,Info,2,https://www.discogs.com/Disciplin-A-Kitschme-Kada-Ka%C5%BEe%C5%A1-Muzika-Na-%C5%A0ta-Ta%C4%8Dno-Misli%C5%A1-Reci-Mi/master/1189817,"Kada Kažeš Muzika, Na Šta Tačno Misliš, Reci Mi?",--,--,2007,Electronic;Rock,Alternative Rock;Lo-Fi;Noise;Drum n Bass
159,e721629f-49d1-4dcb-b92a-3c3ee4f45369,Info,2,https://www.discogs.com/Disciplin-A-Kitschme-Kada-Ka%C5%BEe%C5%A1-Muzika-Na-%C5%A0ta-Ta%C4%8Dno-Misli%C5%A1-Reci-Mi/release/1150899,"Kada Kažeš Muzika, Na Šta Tačno Misliš, Reci Mi?",CD;Album,Serbia,2007,Electronic;Rock,Alternative Rock;Lo-Fi;Noise;Drum n Bass
160,7158e117-102c-4a91-830b-bb548d5af890,Da Ima Nas,2,https://www.discogs.com/Neverne-Bebe-Iza-Oblaka-Neverne-Bebe-V/release/1933995,...Iza Oblaka (Neverne Bebe V),CD;Album,Serbia,2007,Rock;Pop,Pop Rock;Blues Rock;Vocal
161,7158e117-102c-4a91-830b-bb548d5af890,Da Ima Nas,2,https://www.discogs.com/Neverne-Bebe-Iza-Oblaka-Neverne-Bebe-V/master/493933,...Iza Oblaka (Neverne Bebe V),--,--,2007,Rock;Pop,Pop Rock;Blues Rock;Vocal
162,1c34fdee-27cc-470c-9567-ae91912c9487,Loše Vino,2,https://www.discogs.com/Bijelo-Dugme-The-Ultimate-Collection/release/6952430,The Ultimate Collection,CD2×;Compilation,Serbia,2009,Rock,Folk Rock;Classic Rock;New Wave;Blues Rock
163,1c34fdee-27cc-470c-9567-ae91912c9487,Loše Vino,2,https://www.discogs.com/Bijelo-Dugme-The-Ultimate-Collection/master/829581,The Ultimate Collection,--,--,2009,Rock,Folk Rock;Classic Rock;New Wave;Blues Rock
164,1c21b91f-a682-42e0-a42e-8c0098177628,Vintu Baće,2,https://www.discogs.com/Svetlana-Arsi%C4%87-Biseri-Homolja/master/1393294,Biseri Homolja,--,--,2005,"Folk, World, & Country",Folk
165,1c21b91f-a682-42e0-a42e-8c0098177628,Vintu Baće,2,https://www.discogs.com/Svetlana-Arsi%C4%87-Biseri-Homolja/release/6379855,Biseri Homolja,CD;Album,Serbia,2005,"Folk, World, & Country",Folk
166,9aa2477b-7cb3-4a42-a82c-0e0990e5a490,222-805,2,https://www.discogs.com/Bisera-Prozor/master/627544,Prozor,--,--,2007,Pop,Chanson;Ballad;Schlager
167,9aa2477b-7cb3-4a42-a82c-0e0990e5a490,222-805,2,https://www.discogs.com/Bisera-Prozor/release/2704099,Prozor,CD3×;Album;Compilation,Serbia,2007,Pop,Chanson;Ballad;Schlager
168,716191bc-4b59-4571-9abe-83ab872b67c5,Što Je To U Tebi,2,https://www.discogs.com/Divlje-Jagode-The-Ultimate-Collection/master/1299408,The Ultimate Collection,--,--,2009,Rock,Hard Rock
169,716191bc-4b59-4571-9abe-83ab872b67c5,Što Je To U Tebi,2,https://www.discogs.com/Divlje-Jagode-The-Ultimate-Collection/release/2655632,The Ultimate Collection,CD;Compilation,Serbia,2009,Rock,Hard Rock
170,3a197f6a-2a3b-40d5-8230-487eca63ec67,Tired Legs,2,https://www.discogs.com/Unison-The-Sum/master/1413309,The Sum,--,--,2006,Rock,Hardcore
171,3a197f6a-2a3b-40d5-8230-487eca63ec67,Tired Legs,2,https://www.discogs.com/Unison-The-Sum/release/2905664,The Sum,CDr;Mini-Album,Serbia,2006,Rock,Hardcore
172,71744177-7ba2-45e4-8b8a-6b68680741c4,Bubnjevi,2,https://www.discogs.com/Antifrizz-Stra%C5%A1no-Va%C5%BEno/release/6686391,Strašno Važno,CDr;Album,Serbia,2005,Rock,Punk
173,71744177-7ba2-45e4-8b8a-6b68680741c4,Bubnjevi,2,https://www.discogs.com/Antifrizz-Stra%C5%A1no-Va%C5%BEno/master/800873,Strašno Važno,--,--,2005,Rock,Punk
174,71751d0b-f3f8-4997-87df-ca35beaf7d74,Pazi Gde Spavaš,2,https://www.discogs.com/Regina-Vrijeme-Je/master/658028,Vrijeme Je,--,--,2009,Rock;Pop,Power Pop
175,71751d0b-f3f8-4997-87df-ca35beaf7d74,Pazi Gde Spavaš,2,https://www.discogs.com/Regina-Vrijeme-Je/release/5118070,Vrijeme Je,CD;Album,Serbia,2009,Rock;Pop,Power Pop
176,e70dbda7-7842-4d10-9cd8-2f839151fb2b,S Tobom Bar Znam Gde Je Dno,2,https://www.discogs.com/Ana-Bekuta-Ana-Bekuta/release/1767676,Ana Bekuta,CD;Album,Serbia,2006,"Folk, World, & Country",Folk
177,e70dbda7-7842-4d10-9cd8-2f839151fb2b,S Tobom Bar Znam Gde Je Dno,2,https://www.discogs.com/Ana-Bekuta-Ana-Bekuta/master/898448,Ana Bekuta,--,--,2006,"Folk, World, & Country",Folk
178,3a01fc29-43b0-4426-a754-db96e581b3e5,Vlasinski Zvuci,2,https://www.discogs.com/Boban-Markovi%C4%87-Orkestar-Millenium/release/7208987,Millenium,CD;Album,Serbia,2000,"Folk, World, & Country",Brass Band;Folk
179,3a01fc29-43b0-4426-a754-db96e581b3e5,Vlasinski Zvuci,2,https://www.discogs.com/Boban-Markovi%C4%87-Orkestar-Millenium/master/928418,Millenium,--,--,2000,"Folk, World, & Country",Brass Band;Folk
180,1bf4b554-1e46-4771-aeee-a9a32baabb79,Kao Moja Mati,2,https://www.discogs.com/Zdravko-%C4%8Coli%C4%87-Zavi%C4%8Daj/release/859366,Zavičaj,CD;Album,Serbia,2006,Pop,Vocal;Ballad
181,1bf4b554-1e46-4771-aeee-a9a32baabb79,Kao Moja Mati,2,https://www.discogs.com/Zdravko-%C4%8Coli%C4%87-Zavi%C4%8Daj/master/316920,Zavičaj,--,--,2006,Pop,Vocal;Ballad
182,59ab3203-78b7-4147-b28d-716c3e4ac4b6,Van Dometa,2,https://www.discogs.com/Tanja-Savi%C4%87-Sestre-Po-Suzama/release/3340935,Sestre Po Suzama,CD;Album,Serbia,2009,"Pop;Folk, World, & Country",Vocal
183,59ab3203-78b7-4147-b28d-716c3e4ac4b6,Van Dometa,2,https://www.discogs.com/Tanja-Savi%C4%87-Sestre-Po-Suzama/master/696600,Sestre Po Suzama,--,--,2009,"Pop;Folk, World, & Country",Vocal
184,39dc243b-7d98-4bcd-923d-235063d0df33,Nevidljiva,2,https://www.discogs.com/%C4%90ogani-The-Platinum-Collection/release/12941093,The Platinum Collection,CD2×;Compilation,Serbia,2008,"Electronic;Pop;Folk, World, & Country",Europop
185,39dc243b-7d98-4bcd-923d-235063d0df33,Nevidljiva,2,https://www.discogs.com/%C4%90ogani-The-Platinum-Collection/master/1469913,The Platinum Collection,--,--,2008,"Electronic;Pop;Folk, World, & Country",Europop
186,afdebef6-60f0-404b-8912-25c35aa63913,Nađi Mi Ti,2,https://www.discogs.com/Sa%C5%A1a-Mati%C4%87-Sa%C5%A1a-Mati%C4%87/release/4190172,Saša Matić,CD;Album,Serbia,2007,"Pop;Folk, World, & Country",Folk
187,afdebef6-60f0-404b-8912-25c35aa63913,Nađi Mi Ti,2,https://www.discogs.com/Sa%C5%A1a-Mati%C4%87-Sa%C5%A1a-Mati%C4%87/master/696604,Saša Matić,--,--,2007,"Pop;Folk, World, & Country",Folk
188,1c5dd7fc-dfc5-43dd-bf21-089de9722347,Snage Mi Ponestaje,2,https://www.discogs.com/Various-Hitovi-Devedesetih-Dance-Mix-/master/1278987,Hitovi Devedesetih - Dance Mix,--,--,2008,Electronic;Pop,Euro House;Europop
189,1c5dd7fc-dfc5-43dd-bf21-089de9722347,Snage Mi Ponestaje,2,https://www.discogs.com/Various-Hitovi-Devedesetih-Dance-Mix-/release/10781744,Hitovi Devedesetih - Dance Mix,CD2×;Compilation;Mixed,Serbia,2008,Electronic;Pop,Euro House;Europop
190,cbe3ea56-03d6-4c37-9414-3b62d5d83504,Nu Tar Vi Sverige Tillbaks,2,https://www.discogs.com/Titania-Slutstriden/master/610963,Slutstriden,--,--,2007,Rock,Hard Rock;Oi
191,cbe3ea56-03d6-4c37-9414-3b62d5d83504,Nu Tar Vi Sverige Tillbaks,2,https://www.discogs.com/Titania-Slutstriden/release/5027627,Slutstriden,CD;Album;UnofficialRelease,Serbia,2007,Rock,Hard Rock;Oi
192,59afaf2e-060f-431b-8360-bcaeb9d426db,Venzinatiko,2,https://www.discogs.com/Goran-Bregovi%C4%87-Alkohol-%C5%A0ljivovica-Champange/master/222536,Alkohol (Šljivovica & Champange),--,--,2008,"Jazz;Rock;Blues;Pop;Folk, World, & Country",Gypsy Jazz
193,59afaf2e-060f-431b-8360-bcaeb9d426db,Venzinatiko,2,https://www.discogs.com/Goran-Bregovi%C4%87-Alkohol-%C5%A0ljivovica-Champange/release/9869148,Alkohol (Šljivovica & Champange),CD;Album,Serbia,2008,"Jazz;Rock;Blues;Pop;Folk, World, & Country",Gypsy Jazz
194,71442ff2-e713-4ca0-8beb-2293441db952,Enclosed,2,https://www.discogs.com/Koneyn-Enclosed-EP/release/1682556,Enclosed EP,CDr;EP,Serbia,2008,Electronic,Abstract;IDM;Experimental
195,71442ff2-e713-4ca0-8beb-2293441db952,Enclosed,2,https://www.discogs.com/Koneyn-Enclosed-EP/master/194114,Enclosed EP,--,--,2008,Electronic,Abstract;IDM;Experimental
196,1c475ce8-218a-4cd6-8555-3c870b46b608,"Može Crni, Može Plavi",2,https://www.discogs.com/Various-Novi-Hitovi-Granda/master/1392378,Novi Hitovi Granda,--,--,2009,"Pop;Folk, World, & Country",Folk
197,1c475ce8-218a-4cd6-8555-3c870b46b608,"Može Crni, Može Plavi",2,https://www.discogs.com/Various-Novi-Hitovi-Granda/release/3987728,Novi Hitovi Granda,CD;Compilation,Serbia,2009,"Pop;Folk, World, & Country",Folk
198,9ab3c2f4-0282-49de-b17b-2a22179f3cd5,Zvoni Zvonce,2,https://www.discogs.com/Zvonko-Bogdan-Pesme-Koje-Ve%C4%8Dno-Ostaju/release/11490348,Pesme Koje Večno Ostaju,Cassette3×;Compilation,Serbia,2003,"Folk, World, & Country",Folk
199,9ab3c2f4-0282-49de-b17b-2a22179f3cd5,Zvoni Zvonce,2,https://www.discogs.com/Zvonko-Bogdan-Pesme-Koje-Ve%C4%8Dno-Ostaju/master/1306910,Pesme Koje Večno Ostaju,--,--,2003,"Folk, World, & Country",Folk
